WK,LSN,STRAND,SUB-STRAND,SPECIFIC LEARNING OUTCOMES,LEARNING EXPERIENCES,KEY INQUIRY QUESTIONS,LEARNING RESOURCES,ASSESSMENT METHODS,REFLECTION
1,1,Numbers,Number Concept,"Knowledge: State what ordering by size means.
Skill: Arrange objects from smallest to largest and vice versa.
Attitude: Show interest and cooperation during group work.","1. Observe objects of different sizes.
2. Collect objects from the environment.
3. Compare sizes of objects.
4. Arrange objects from smallest to largest.
5. Rearrange objects from largest to smallest.","How can we arrange objects according to size?","Stones, sticks, bottle tops, classroom objects","Observation, oral questions",""
1,2,Numbers,Number Concept,"Knowledge: Identify ordinal numbers.
Skill: Name positions of objects using ordinal numbers.
Attitude: Participate confidently in class activities.","1. Observe arranged objects.
2. Identify the first object from a reference point.
3. Name positions as 1st, 2nd, 3rd.
4. Practise identifying positions orally.
5. Respond to guided questions.","How do we tell the position of an object?","Number cards, real objects","Oral questions, observation",""
2,3,Numbers,Number Concept,"Knowledge: Recognise ordinal numbers up to 10th.
Skill: Identify positions from 1st to 10th.
Attitude: Respect turn-taking during activities.","1. Line up learners in class.
2. Identify positions in the line.
3. Change positions and re-identify them.
4. Discuss first and last positions.
5. Practise naming positions orally.","How do we know who is first or last?","Learners, charts","Observation, oral responses",""
2,4,Numbers,Number Concept,"Knowledge: Recognise ordinal numbers up to 20th.
Skill: Identify positions from 1st to 20th.
Attitude: Demonstrate fairness during group activities.","1. Form groups of up to twenty.
2. Participate in organised activities.
3. Assign finishing positions to peers.
4. Verify correctness of positions.
5. Discuss outcomes as a group.","How do we tell positions up to 20th?","Charts, number cards","Observation, oral questions",""
3,5,Numbers,Number Concept,"Knowledge: Recognise ordinal number symbols.
Skill: Write ordinal numbers from 1st to 20th in symbols.
Attitude: Show neatness in written work.","1. Observe ordinal symbols on the board.
2. Match objects to ordinal symbols.
3. Write ordinal symbols individually.
4. Correct errors with guidance.
5. Practise using worksheets.","How do we write positions in numbers?","Chalkboard, worksheets","Written work",""
3,6,Numbers,Number Concept,"Knowledge: Recognise ordinal words.
Skill: Write ordinal numbers in words from 1st to 20th.
Attitude: Show persistence in learning.","1. Read ordinal words aloud.
2. Match words to symbols.
3. Practise writing ordinal words.
4. Peer-check spelling.
5. Complete written tasks.","How do we write positions in words?","Word charts, flash cards","Written assessment",""
4,7,Numbers,Number Concept,"Knowledge: Identify real-life uses of ordinal numbers.
Skill: Relate ordinal numbers to daily situations.
Attitude: Appreciate order in daily life.","1. Discuss birth order in families.
2. Identify positions in queues.
3. Relate positions to sports events.
4. Share personal experiences.
5. Answer guiding questions.","Where do we use positions in daily life?","Pictures, charts","Oral discussion",""
4,8,Numbers,Number Concept,"Knowledge: Recall ordinal numbers 1st–20th.
Skill: Use ordinal numbers correctly in symbols and words.
Attitude: Show confidence during assessment activities.","1. Play position-based games.
2. Identify positions in pictures.
3. Complete written exercises.
4. Correct mistakes with guidance.
5. Reflect on learning.","How well can we tell positions?","Digital devices, worksheets","Observation, written test",""
